"0","ggplot(cincomun, aes(MUNICIPIO,dif_15_16_17,group=(MUNICIPIO)))+"
"0","    geom_histogram(aes(fill =MUNICIPIO), stat = ""identity"",alpha = 0.5)+"
"0","  geom_text(aes(label = dif_15_16_17, y = dif_15_16_17-100000), size = 3)+"
"0","  # theme(legend.position = ""bottom"") + "
"0","  labs(title = ""Aumento De Lineas Por Municipio"", y=""Aumento"")+"
"0","    theme(axis.text.x = element_text(angle = 90, hjust = 1))+"
"0","    scale_x_discrete(label=abbreviate)+"
"0","    scale_y_discrete(label=abbreviate)"
"2","Ignoring unknown parameters: binwidth, bins, pad"
