{"chunk_definitions":[{"chunk_id":"csetup_chunk","chunk_label":"setup","document_id":"44215E1C","expansion_state":0,"options":{"engine":"r","include":false,"label":"setup"},"row":9,"row_count":1,"visible":true},{"chunk_id":"cvg7zbbjle4kp","chunk_label":"libreria","document_id":"44215E1C","expansion_state":0,"options":{"engine":"r","label":"libreria"},"row":18,"row_count":1,"visible":true},{"chunk_id":"ca0bf18aqm0y9","chunk_label":"lectura","document_id":"44215E1C","expansion_state":0,"options":{"engine":"r","label":"lectura"},"row":24,"row_count":1,"visible":true},{"chunk_id":"crepdb4lq5d6z","chunk_label":"funcion","document_id":"44215E1C","expansion_state":0,"options":{"engine":"r","label":"funcion"},"row":35,"row_count":1,"visible":true},{"chunk_id":"ctd73v5wj2zii","chunk_label":"adecuacion","document_id":"44215E1C","expansion_state":0,"options":{"engine":"r","label":"adecuacion"},"row":52,"row_count":1,"visible":true},{"chunk_id":"cmu0rzhezpjhx","chunk_label":"adecuacion tiempo","document_id":"44215E1C","expansion_state":0,"options":{"engine":"r","label":"adecuacion tiempo"},"row":61,"row_count":1,"visible":true},{"chunk_id":"cwfj1kjvqv221","chunk_label":"resumen1","document_id":"44215E1C","expansion_state":0,"options":{"engine":"r","label":"resumen1"},"row":67,"row_count":1,"visible":true},{"chunk_id":"cmcho9cox71ey","chunk_label":"borrando NA","document_id":"44215E1C","expansion_state":0,"options":{"engine":"r","label":"borrando NA"},"row":76,"row_count":1,"visible":true},{"chunk_id":"crckrccdilf95","chunk_label":"resumen2","document_id":"44215E1C","expansion_state":0,"options":{"engine":"r","label":"resumen2"},"row":80,"row_count":1,"visible":true},{"chunk_id":"clp229gwu05rd","chunk_label":"resumen3","document_id":"44215E1C","expansion_state":0,"options":{"engine":"r","label":"resumen3"},"row":96,"row_count":1,"visible":true},{"chunk_id":"cycklzcst5xd9","chunk_label":"grafica1","document_id":"44215E1C","expansion_state":0,"options":{"engine":"r","label":"grafica1"},"row":121,"row_count":1,"visible":true},{"chunk_id":"c8bc8j1fq4fad","chunk_label":"asigancion boxe2","document_id":"44215E1C","expansion_state":0,"options":{"engine":"r","label":"asigancion boxe2"},"row":133,"row_count":1,"visible":true},{"chunk_id":"cvb45ip29yn9f","chunk_label":"resumen4.","document_id":"44215E1C","expansion_state":0,"options":{"engine":"r","label":"resumen4."},"row":145,"row_count":1,"visible":true},{"chunk_id":"ck1wqs8w1shgs","chunk_label":"grafica2","document_id":"44215E1C","expansion_state":0,"options":{"engine":"r","label":"grafica2"},"row":172,"row_count":1,"visible":true},{"chunk_id":"clkdg639wu7rl","chunk_label":"asigancion boxe3","document_id":"44215E1C","expansion_state":0,"options":{"engine":"r","label":"asigancion boxe3"},"row":183,"row_count":1,"visible":true},{"chunk_id":"ciyv6nbvcrk80","chunk_label":"resumen4","document_id":"44215E1C","expansion_state":0,"options":{"engine":"r","label":"resumen4"},"row":196,"row_count":1,"visible":true},{"chunk_id":"c16rhcl4jv7bg","chunk_label":"Filtro por departamento","document_id":"44215E1C","expansion_state":0,"options":{"engine":"r","label":"Filtro por departamento"},"row":205,"row_count":1,"visible":true},{"chunk_id":"c99ov86yr0yb4","chunk_label":"resumen5","document_id":"44215E1C","expansion_state":0,"options":{"engine":"r","label":"resumen5"},"row":218,"row_count":1,"visible":true},{"chunk_id":"cmh1kv71ezrdp","chunk_label":"resumen6","document_id":"44215E1C","expansion_state":0,"options":{"engine":"r","label":"resumen6"},"row":230,"row_count":1,"visible":true},{"chunk_id":"c26i3ivbsvdni","chunk_label":"grafica3","document_id":"44215E1C","expansion_state":0,"options":{"engine":"r","label":"grafica3"},"row":246,"row_count":1,"visible":true},{"chunk_id":"c6a86nvfzh028","chunk_label":"grafica4","document_id":"44215E1C","expansion_state":0,"options":{"engine":"r","label":"grafica4"},"row":263,"row_count":1,"visible":true},{"chunk_id":"c5r9neznhevyx","chunk_label":"asigancion boxe4","document_id":"44215E1C","expansion_state":0,"options":{"engine":"r","label":"asigancion boxe4"},"row":270,"row_count":1,"visible":true},{"chunk_id":"cg0s4mip69kt9","chunk_label":"resumen7","document_id":"44215E1C","expansion_state":0,"options":{"engine":"r","label":"resumen7"},"row":283,"row_count":1,"visible":true},{"chunk_id":"cr5msrit1c6fi","chunk_label":"grafica5","document_id":"44215E1C","expansion_state":0,"options":{"engine":"r","label":"grafica5"},"row":307,"row_count":1,"visible":true},{"chunk_id":"crug8pzt72z4n","chunk_label":"asignacion boxe5","document_id":"44215E1C","expansion_state":0,"options":{"engine":"r","label":"asignacion boxe5"},"row":313,"row_count":1,"visible":true},{"chunk_id":"cayra8g9lxth9","chunk_label":"resumen 8","document_id":"44215E1C","expansion_state":0,"options":{"engine":"r","label":"resumen 8"},"row":326,"row_count":1,"visible":true},{"chunk_id":"cxq5s5nqhkz0e","chunk_label":"grafica6","document_id":"44215E1C","expansion_state":0,"options":{"engine":"r","label":"grafica6"},"row":348,"row_count":1,"visible":true},{"chunk_id":"c7kuo7pnqthpe","chunk_label":"asignacion boxe6","document_id":"44215E1C","expansion_state":0,"options":{"engine":"r","label":"asignacion boxe6"},"row":358,"row_count":1,"visible":true},{"chunk_id":"ccb22qwegjzrg","chunk_label":"agrupacion 1","document_id":"44215E1C","expansion_state":0,"options":{"engine":"r","label":"agrupacion 1"},"row":381,"row_count":1,"visible":true},{"chunk_id":"c4jm3mhf4vrmj","chunk_label":"set null","document_id":"44215E1C","expansion_state":0,"options":{"engine":"r","label":"set null"},"row":387,"row_count":1,"visible":true},{"chunk_id":"cpo5po2ywbq5k","chunk_label":"merge1","document_id":"44215E1C","expansion_state":0,"options":{"engine":"r","label":"merge1"},"row":400,"row_count":1,"visible":true},{"chunk_id":"cpk3wv6e61zvm","chunk_label":"merge1.2","document_id":"44215E1C","expansion_state":0,"options":{"engine":"r","label":"merge1.2"},"row":409,"row_count":1,"visible":true},{"chunk_id":"cy6h3k9jap35a","chunk_label":"resumen9","document_id":"44215E1C","expansion_state":0,"options":{"engine":"r","label":"resumen9"},"row":417,"row_count":1,"visible":true},{"chunk_id":"c6mjafc4vuwdz","chunk_label":"merge2","document_id":"44215E1C","expansion_state":0,"options":{"engine":"r","label":"merge2"},"row":445,"row_count":1,"visible":true},{"chunk_id":"cvokeg5ywv1or","chunk_label":"as data frame","document_id":"44215E1C","expansion_state":0,"options":{"engine":"r","label":"as data frame"},"row":451,"row_count":1,"visible":true},{"chunk_id":"cussrzvsb5wco","chunk_label":"merge 3","document_id":"44215E1C","expansion_state":0,"options":{"engine":"r","label":"merge 3"},"row":461,"row_count":1,"visible":true},{"chunk_id":"c1eeyxfefji1z","chunk_label":"erase repeat","document_id":"44215E1C","expansion_state":0,"options":{"engine":"r","label":"erase repeat"},"row":467,"row_count":1,"visible":true},{"chunk_id":"c9ib74soaocdd","chunk_label":"resumen11","document_id":"44215E1C","expansion_state":0,"options":{"engine":"r","label":"resumen11"},"row":477,"row_count":1,"visible":true},{"chunk_id":"cg85e5ca7etzt","chunk_label":"resumen12","document_id":"44215E1C","expansion_state":0,"options":{"engine":"r","label":"resumen12"},"row":494,"row_count":1,"visible":true},{"chunk_id":"c2ou1dcz6gnx0","chunk_label":"resumen13","document_id":"44215E1C","expansion_state":0,"options":{"engine":"r","label":"resumen13"},"row":510,"row_count":1,"visible":true},{"chunk_id":"cdbz7pjkhubee","chunk_label":"grafica7","document_id":"44215E1C","expansion_state":0,"options":{"engine":"r","label":"grafica7"},"row":521,"row_count":1,"visible":true},{"chunk_id":"cjj480l1k0s2h","chunk_label":"resumen14","document_id":"44215E1C","expansion_state":0,"options":{"engine":"r","label":"resumen14"},"row":533,"row_count":1,"visible":true},{"chunk_id":"c3l8dpvtlttf6","chunk_label":"resumen15","document_id":"44215E1C","expansion_state":0,"options":{"engine":"r","label":"resumen15"},"row":550,"row_count":1,"visible":true},{"chunk_id":"cmyzxlieuowaz","chunk_label":"grafica8","document_id":"44215E1C","expansion_state":0,"options":{"engine":"r","label":"grafica8"},"row":561,"row_count":1,"visible":true}],"chunk_rendered_width":583,"default_chunk_options":{"echo":true,"error":false},"doc_write_time":1528228882,"working_dir":null}