"0","library(ggplot2)"
"0","ggplot(boxe3, aes(y=DATOS, x=DEPARTAMENTO, group=DEPARTAMENTO, angle = 45))+"
"0","    geom_boxplot(aes(colour = DEPARTAMENTO))+"
"0","    facet_wrap(~ SEGMENTO, ncol = 3) +"
"0","    theme(axis.text.x = element_text(angle = 90, hjust = 1))+"
"0","    scale_x_discrete(label=abbreviate)+"
"0","    scale_y_discrete(label=abbreviate)+"
"0","      stat_summary(fun.y = ""mean"",geom = ""smooth"", "
"0","                 aes(colour = ""Promedio"",group=1),"
"0","                 size = 1) + coord_trans(y=""log10"")+"
"0","    labs(title = ""Lineas Telefonícas Por Segmento"")"
