"0","box2015ed <- boxe6 %>% "
"0","           group_by(MUNICIPIO,AÑO,SEGMENTO) %>%"
"0","           summarise(sumdos = sum(DATOS))%>%"
"0","  filter(AÑO %in% ""2015"")"
"0","# resumen 2016"
"0","box2016ed <- boxe6 %>% "
"0","           group_by(MUNICIPIO,AÑO,SEGMENTO) %>%"
"0","           summarise(sumdos = sum(DATOS))%>%"
"0","  filter(AÑO %in% ""2016"")"
"0","# resumen 2017"
"0","box2017ed <- boxe6 %>% "
"0","           group_by(MUNICIPIO,AÑO,SEGMENTO) %>%"
"0","           summarise(sumdos = sum(DATOS))%>%"
"0","  filter(AÑO %in% ""2017"")"
