"0","library(ggplot2)"
"0","boxe <- data_mela"
"0","  boxe <- boxe%>% select(AÑO, DATOS)"
"0","ggplot(boxe, aes(x=AÑO, y=DATOS, group=AÑO))+"
"0","    geom_boxplot()+"
"0","    stat_summary(fun.y = ""mean"",geom = ""smooth"", "
"0","                 aes(colour = ""mean"",group=1),"
"0","                 size = 1) + coord_trans(y=""log10"")+"
"0","    stat_summary(fun.y = ""mean"",geom = ""point"", "
"0","                 aes(colour = ""mean"",group=1),"
"0","                 size = 2) + coord_trans(y=""log10"")+"
"0","    "
"0","      stat_summary(fun.y = ""sum"",geom = ""smooth"", "
"0","                 aes(colour = ""sum"",group=1),"
"0","                 size = 1) + coord_trans(y=""log10"")+"
"0","      stat_summary(fun.y = ""sum"",geom = ""point"", "
"0","                 aes(colour = ""sum"",group=1),"
"0","                 size = 2) + coord_trans(y=""log10"")"
