"0","library(ggplot2)"
"0","library(dplyr)"
"0","# generamos la grafica; seleccionando lo útil"
"0","  boxe5 <- boxe5%>% select(SEGMENTO, DATOS, AÑO)"
"0","ggplot(boxe5, aes(y=logb(DATOS,base=14), x=SEGMENTO, group=SEGMENTO, angle = 45))+"
"0","    geom_boxplot(aes(colour = SEGMENTO))+"
"0","    scale_colour_discrete(guide=FALSE)+"
"0","    # theme(hjust = 1)+"
"0","     facet_wrap(~ AÑO, nrow  = 3) +"
"0","    # algo de estilos"
"0","    theme(axis.text.x = element_text(angle = 90, hjust = 1))+"
"0","    #se resumen los nombres; son muy largos"
"0","    scale_x_discrete(label=abbreviate)+"
"0","    scale_y_discrete(label=abbreviate)+"
"0","    stat_summary(fun.y = ""max"",geom = ""smooth"", "
"0","                 aes(colour = ""Promedio"",group=1),"
"0","                 size = 0.5) +"
"0","    stat_summary(fun.y = ""min"",geom = ""smooth"", "
"0","                 aes(colour = ""Promedio"",group=1),"
"0","                 size = 0.5)+  labs(title = ""Lineas Telefonícas Por Estrato"", y=""Datos en relacion tiempo"")"
