"0","library(dplyr)"
"0","box2015 <- boxe6 %>% "
"0","           group_by(MUNICIPIO,AÑO) %>%"
"0","           summarise(sumdos = sum(DATOS))%>%"
"0","  filter(AÑO %in% ""2015"")"
"0","# resumen 2016"
"0","box2016 <- boxe6 %>% "
"0","           group_by(MUNICIPIO,AÑO) %>%"
"0","           summarise(sumdos = sum(DATOS))%>%"
"0","  filter(AÑO %in% ""2016"")"
"0","# resumen 2017"
"0","box2017 <- boxe6 %>% "
"0","           group_by(MUNICIPIO,AÑO) %>%"
"0","           summarise(sumdos = sum(DATOS))%>%"
"0","  filter(AÑO %in% ""2017"")"
