"0","library(data.table)"
"0","# una belleza de librería"
"0","# hay que dar crédito; pero se modifica para adaptarla"
"0","# https://stackoverflow.com/questions/37756389/r-convert-multiple-columns-into-single-column "
"0","setDT(data_fine)"
"0","# con esto creamos solo dos columnas; en una de ellas el nombre de las columnas de periodo_xxxx_x y en otra los datos relacionados"
"0","data_nice<- melt(data_fine, measure.vars  = patterns(""^Periodo""),"
"0","      value.name = c(""DATOS""), "
"0","      variable.name = ""PERIODO"","
"0","      variable.factor = FALSE,"
"0","      #elimina los NA"
"0","      na.rm = TRUE)"
"0","data_temp <- data_nice"
