"0","data_deptestramin <- data_deptestramin %>%"
"0","            filter(sumdos.y  > sumdos)"
"0","  d1617 <- data_deptestramin$sumdos.y - data_deptestramin$sumdos "
"0","  data_deptestramin$dif_16_17 <- d1617"
"0","  data_deptestramin$dif_15_16_17 <- d1617 + data_deptestramin$dif_15_16"
"0","   data_deptestramin <- data_deptestramin[, -c(1:8)] "
"0","  data_deptestramin$AÑO <- NULL"
"0","  data_deptestramin <- data_deptestramin[, -c(3:5)] "
"0","  cincomin <- arrange(data_deptestramin, desc(dif_15_16_17))"
"0","    cincomin <- cincomin[c(1:5),] "
"0","  cincomin"
