"0","library(ggplot2)"
"0","    "
"0","ggplot(cincomin, aes(SEGMENTO,(dif_15_16_17),group=(MUNICIPIO)))+"
"0","    geom_histogram(aes(fill =MUNICIPIO), stat=""identity"",alpha = 0.5)+"
"0","  geom_text(aes(label = dif_15_16_17, y = dif_15_16_17-11800), size = 3)+"
"0","   # facet_wrap(~ MUNICIPIO, ncol   = 3) +"
"0","  labs(title = ""Disminución De Lineas Por Estrato"", y=""Numero Decadencia"")+"
"0","    theme(axis.text.x = element_text(angle = 90, hjust = 1))+"
"0","    scale_x_discrete(label=abbreviate)+"
"0","    scale_y_discrete(label=abbreviate)"
"2","Ignoring unknown parameters: binwidth, bins, pad"
