"0","# generamos la grafica; seleccionando lo útil"
"0","  boxe2 <- boxe2%>% select(DEPARTAMENTO, DATOS, SEGMENTO, AÑO)"
"0","ggplot(boxe2, aes(y=log10(DATOS), x=DEPARTAMENTO, group=DEPARTAMENTO, angle = 45))+"
"0","    geom_boxplot(aes(colour = DEPARTAMENTO))+"
"0","    scale_colour_discrete(guide=FALSE)+"
"0","    theme(axis.text.x = element_text(angle = 90, hjust = 1))+"
"0","    #se resumen los nombres; son muy largos"
"0","    scale_x_discrete(label=abbreviate)+"
"0","    scale_y_discrete(label=abbreviate)+"
"0","      stat_summary(fun.y = ""mean"",geom = ""smooth"", "
"0","                 aes(fill = ""Promedio"",group=1),"
"0","                 size = 0.5) +"
"0","        stat_summary(fun.y = ""mean"",geom = ""point"", "
"0","                 aes(group=1),"
"0","                 size = 1)+"
"0","  labs(title = ""Lineas Telefonícas Por Departamento"", y=""Datos"")+"
"0","  theme(legend.title=element_blank())  "
