"0","# similar a la calibración de celulares en el proyeco final se une lo obtendio anteriormente"
"0","box_15_16 <- box2015 %>%"
"0","          select(MUNICIPIO, AÑO, sumdos)%>%"
"0","           inner_join(select(box2016,MUNICIPIO, AÑO, sumdos), "
"0","                      by = ""MUNICIPIO"")"
"0","box15_16_17 <- box_15_16 %>%"
"0","           inner_join(select(box2017,MUNICIPIO, AÑO, sumdos), "
"0","                      by = ""MUNICIPIO"")"
"0","box15_16_17 <- as.data.frame(box15_16_17)"
