{"chunk_definitions":[{"chunk_id":"csetup_chunk","chunk_label":"setup","document_id":"A4B70B66","expansion_state":0,"options":{"engine":"r","include":false,"label":"setup"},"row":9,"row_count":1,"visible":true},{"chunk_id":"cdgvgmvktg53u","chunk_label":"unnamed-chunk-1","document_id":"A4B70B66","expansion_state":0,"options":{"engine":"r","label":"unnamed-chunk-3"},"row":13,"row_count":1,"visible":true},{"chunk_id":"c8b1mwxvlo6c1","chunk_label":"unnamed-chunk-2","document_id":"A4B70B66","expansion_state":0,"options":{"engine":"r","label":"unnamed-chunk-4"},"row":19,"row_count":1,"visible":true},{"chunk_id":"cid8tbqmhvj95","chunk_label":"unnamed-chunk-3","document_id":"A4B70B66","expansion_state":0,"options":{"engine":"r","label":"unnamed-chunk-5"},"row":30,"row_count":1,"visible":true},{"chunk_id":"cktjrbqxpu5lw","chunk_label":"unnamed-chunk-4","document_id":"A4B70B66","expansion_state":0,"options":{"engine":"r","label":"unnamed-chunk-6"},"row":47,"row_count":1,"visible":true},{"chunk_id":"ccmbkfzu3a7oj","chunk_label":"unnamed-chunk-5","document_id":"A4B70B66","expansion_state":0,"options":{},"row":56,"row_count":1,"visible":true},{"chunk_id":"c09m9ouidzof3","chunk_label":"unnamed-chunk-6","document_id":"A4B70B66","expansion_state":0,"options":{},"row":60,"row_count":1,"visible":true},{"chunk_id":"cqh09of56561h","chunk_label":"unnamed-chunk-7","document_id":"A4B70B66","expansion_state":0,"options":{},"row":64,"row_count":1,"visible":true},{"chunk_id":"cobacm7gb5y6v","chunk_label":"unnamed-chunk-8","document_id":"A4B70B66","expansion_state":0,"options":{},"row":67,"row_count":1,"visible":true},{"chunk_id":"c5kb4im1eqcfl","chunk_label":"unnamed-chunk-9","document_id":"A4B70B66","expansion_state":0,"options":{},"row":75,"row_count":1,"visible":true},{"chunk_id":"c3296xpxxgw9g","chunk_label":"unnamed-chunk-10","document_id":"A4B70B66","expansion_state":0,"options":{},"row":79,"row_count":1,"visible":true},{"chunk_id":"cnlrh2xan0gr8","chunk_label":"unnamed-chunk-11","document_id":"A4B70B66","expansion_state":0,"options":{},"row":93,"row_count":1,"visible":true},{"chunk_id":"crbauov37gx1m","chunk_label":"unnamed-chunk-12","document_id":"A4B70B66","expansion_state":0,"options":{},"row":117,"row_count":1,"visible":true},{"chunk_id":"cyvcg1z9exzku","chunk_label":"unnamed-chunk-13","document_id":"A4B70B66","expansion_state":0,"options":{},"row":129,"row_count":1,"visible":true},{"chunk_id":"cp21d0vrqy0ed","chunk_label":"unnamed-chunk-14","document_id":"A4B70B66","expansion_state":0,"options":{},"row":140,"row_count":1,"visible":true},{"chunk_id":"cb40i3yjkvl5o","chunk_label":"unnamed-chunk-15","document_id":"A4B70B66","expansion_state":0,"options":{"engine":"r","label":"unnamed-chunk-2"},"row":176,"row_count":1,"visible":true},{"chunk_id":"c7xr92wmx4cph","chunk_label":"unnamed-chunk-16","document_id":"A4B70B66","expansion_state":0,"options":{},"row":187,"row_count":1,"visible":true},{"chunk_id":"cbngob090ko9v","chunk_label":"unnamed-chunk-17","document_id":"A4B70B66","expansion_state":0,"options":{},"row":200,"row_count":1,"visible":true},{"chunk_id":"cx8o2m7i8ilx2","chunk_label":"unnamed-chunk-18","document_id":"A4B70B66","expansion_state":0,"options":{},"row":209,"row_count":1,"visible":true},{"chunk_id":"csqbjlvwdk9hc","chunk_label":"unnamed-chunk-19","document_id":"A4B70B66","expansion_state":0,"options":{},"row":221,"row_count":1,"visible":true},{"chunk_id":"c0b1i9tgdrtp9","chunk_label":"unnamed-chunk-20","document_id":"A4B70B66","expansion_state":0,"options":{},"row":232,"row_count":1,"visible":true},{"chunk_id":"cangn7pcglzmt","chunk_label":"unnamed-chunk-21","document_id":"A4B70B66","expansion_state":0,"options":{"engine":"r","label":"unnamed-chunk-1"},"row":249,"row_count":1,"visible":true},{"chunk_id":"c1q3binlp76ay","chunk_label":"unnamed-chunk-22","document_id":"A4B70B66","expansion_state":0,"options":{},"row":265,"row_count":1,"visible":true},{"chunk_id":"ctxo8vc0g0yv4","chunk_label":"unnamed-chunk-23","document_id":"A4B70B66","expansion_state":0,"options":{},"row":272,"row_count":1,"visible":true},{"chunk_id":"cyoeslvizb418","chunk_label":"unnamed-chunk-24","document_id":"A4B70B66","expansion_state":0,"options":{},"row":284,"row_count":1,"visible":true},{"chunk_id":"cvr1dpcmerx83","chunk_label":"unnamed-chunk-25","document_id":"A4B70B66","expansion_state":0,"options":{},"row":309,"row_count":1,"visible":true},{"chunk_id":"cjbos1rzc0rbb","chunk_label":"unnamed-chunk-26","document_id":"A4B70B66","expansion_state":0,"options":{},"row":314,"row_count":1,"visible":true},{"chunk_id":"csbl63zvhho79","chunk_label":"unnamed-chunk-27","document_id":"A4B70B66","expansion_state":0,"options":{},"row":326,"row_count":1,"visible":true},{"chunk_id":"cjnoy0glz89wc","chunk_label":"unnamed-chunk-28","document_id":"A4B70B66","expansion_state":0,"options":{},"row":349,"row_count":1,"visible":true},{"chunk_id":"cf5i1q0aoif3t","chunk_label":"unnamed-chunk-29","document_id":"A4B70B66","expansion_state":0,"options":{},"row":359,"row_count":1,"visible":true},{"chunk_id":"cmarohol5wm2t","chunk_label":"unnamed-chunk-30","document_id":"A4B70B66","expansion_state":0,"options":{},"row":383,"row_count":1,"visible":true},{"chunk_id":"cqwv3on6ht356","chunk_label":"unnamed-chunk-31","document_id":"A4B70B66","expansion_state":0,"options":{},"row":388,"row_count":1,"visible":true},{"chunk_id":"cwwm717tuj7cf","chunk_label":"unnamed-chunk-32","document_id":"A4B70B66","expansion_state":0,"options":{},"row":401,"row_count":1,"visible":true},{"chunk_id":"cvpn68tvpub5q","chunk_label":"unnamed-chunk-33","document_id":"A4B70B66","expansion_state":0,"options":{},"row":409,"row_count":1,"visible":true},{"chunk_id":"cohk7v43h9ibq","chunk_label":"unnamed-chunk-34","document_id":"A4B70B66","expansion_state":0,"options":{},"row":416,"row_count":1,"visible":true},{"chunk_id":"c7ibz6mb026tn","chunk_label":"unnamed-chunk-35","document_id":"A4B70B66","expansion_state":0,"options":{},"row":443,"row_count":1,"visible":true},{"chunk_id":"cuxpzrlv6msw4","chunk_label":"unnamed-chunk-36","document_id":"A4B70B66","expansion_state":0,"options":{},"row":449,"row_count":1,"visible":true},{"chunk_id":"cv160bvrrdkbm","chunk_label":"unnamed-chunk-37","document_id":"A4B70B66","expansion_state":0,"options":{},"row":453,"row_count":1,"visible":true},{"chunk_id":"cr35fuv95vh8w","chunk_label":"unnamed-chunk-38","document_id":"A4B70B66","expansion_state":0,"options":{},"row":462,"row_count":1,"visible":true},{"chunk_id":"ctk7eoo04sdvy","chunk_label":"unnamed-chunk-39","document_id":"A4B70B66","expansion_state":0,"options":{},"row":467,"row_count":1,"visible":true},{"chunk_id":"c9ra8vy1qrra2","chunk_label":"unnamed-chunk-40","document_id":"A4B70B66","expansion_state":0,"options":{},"row":477,"row_count":1,"visible":true},{"chunk_id":"cootymmmbrfe6","chunk_label":"unnamed-chunk-41","document_id":"A4B70B66","expansion_state":0,"options":{},"row":494,"row_count":1,"visible":true},{"chunk_id":"cdlcxwrszy39v","chunk_label":"unnamed-chunk-42","document_id":"A4B70B66","expansion_state":0,"options":{},"row":509,"row_count":1,"visible":true},{"chunk_id":"cj0yl0c301a2e","chunk_label":"unnamed-chunk-43","document_id":"A4B70B66","expansion_state":0,"options":{},"row":523,"row_count":1,"visible":true},{"chunk_id":"cu9s5jdeilinc","chunk_label":"unnamed-chunk-44","document_id":"A4B70B66","expansion_state":0,"options":{},"row":534,"row_count":1,"visible":true},{"chunk_id":"cyz3u0crs547x","chunk_label":"unnamed-chunk-45","document_id":"A4B70B66","expansion_state":0,"options":{},"row":551,"row_count":1,"visible":true},{"chunk_id":"c0y5oc1u9sry6","chunk_label":"unnamed-chunk-46","document_id":"A4B70B66","expansion_state":0,"options":{},"row":564,"row_count":1,"visible":true}],"chunk_rendered_width":700,"default_chunk_options":{"echo":true,"error":false},"doc_write_time":1528184600,"working_dir":null}